id,Nome,Cognome,eMail
1,Nitu,Stepanie,miriam.scotti@gmail.com
2,Gavioli,Joline,laquita_scarnati@libero.it
3,Nitu,Alla,lucilla.frontini@lve.net
4,Gavioli,Bree,isabelle-rizzi@outlook.com
5,Marmonti,Rosalina,trudie.antonuzzi@outlook.com
6,Campioli,Wilson,piper.frontini@msn.com
7,Marmonti,Aide,joline_marmonti@live.it
8,Frontini,Retha,bree-scarnati@outlook.it
9,Rizzi,Casimira,jose_gavioli@outlook.it
10,Nitu,Nicki,zackary-frontini@outlook.it
11,Nitu,Mariela,debbra_frontini@outlook.com
12,Scotti,Vinnie,malorie.scotti@msn.com
13,Nitu,Christel,cassidy.antonuzzi@outlook.com
14,Scarnati,Ok,tyler-scotti@outlook.it
15,Frontini,Chana,dorthy_marmonti@outlook.com
16,Scarnati,Ashanti,miriam.scarnati@outlook.it
17,Ravioli,Mavis,casimira.ravioli@live.it
18,Nitu,Trena,mariela.ravioli@outlook.com
19,Frontini,Azzie,naoma-marmonti@lve.net
20,Scarnati,Janet,lakia-gavioli@outlook.com
21,Campioli,Reynaldo,trudie-marmonti@outlook.it
22,Nitu,Cassidy,keneth.rizzi@live.it
23,Frontini,Carlene,inell.campioli@libero.it
24,Frontini,Debbra,ty_frontini@outlook.com
25,Scotti,Christel,malorie.frontini@gmail.com
26,Scarnati,Loma,retha.scotti@gmail.com
27,Gavioli,Naoma,nola_gavioli@outlook.com
28,Gavioli,Leia,aide-rizzi@lve.net
29,Rizzi,Trudie,malorie-scotti@msn.com
30,Rizzi,Alla,lynelle.gavioli@lve.net
31,Gavioli,Kristie,farah.scarnati@lve.net
32,Frontini,Wai,edwina.antonuzzi@live.it
33,Nitu,Edwina,shawnee_frontini@libero.it
34,Campioli,Sade,chana-gavioli@libero.it
35,Frontini,Shin,collen.antonuzzi@libero.it
36,Nitu,Lakia,willie-nitu@outlook.it
37,Marmonti,Laquita,sade.antonuzzi@libero.it
38,Antonuzzi,Lorita,dorthy_campioli@libero.it
39,Campioli,Johna,reynaldo-antonuzzi@live.it
40,Marmonti,Georgianna,santina-campioli@live.it
41,Gavioli,Stepanie,loma_scotti@gmail.com
42,Gavioli,Mavis,zackary-gavioli@outlook.com
43,Gavioli,Danielle,santina_rizzi@lve.net
44,Rizzi,Vinnie,trudie_scarnati@msn.com
45,Frontini,Vanesa,maggie.rizzi@outlook.it
46,Campioli,Shin,dixie-antonuzzi@outlook.com
47,Marmonti,Aide,ty.nitu@lve.net
48,Nitu,Naoma,lucilla_antonuzzi@libero.it
49,Nitu,Lashawn,milly_scarnati@live.it
50,Nitu,Sudie,sade_scarnati@live.it
51,Ravioli,Nicki,santina_gavioli@libero.it
52,Rizzi,Lucilla,rosalina_scotti@outlook.com
53,Ravioli,Milly,lakia_frontini@msn.com
54,Campioli,Carlene,jed_marmonti@outlook.com
55,Rizzi,Nola,ashanti-campioli@outlook.it
56,Scotti,Eliz,soraya_nitu@live.it
57,Campioli,Janet,leia_frontini@libero.it
58,Rizzi,Carter,georgianna.ravioli@libero.it
59,Rizzi,Stepanie,keneth-rizzi@lve.net
60,Antonuzzi,Sudie,luigi.antonuzzi@outlook.it
61,Ravioli,Lynelle,aide_scotti@libero.it
62,Campioli,Sade,milly_scotti@lve.net
63,Scarnati,Jada,madge_marmonti@gmail.com
64,Antonuzzi,Zackary,cassidy-frontini@outlook.it
65,Ravioli,Inell,elna_antonuzzi@outlook.it
66,Ravioli,Christel,edelmira-gavioli@msn.com
67,Marmonti,Joline,soraya-ravioli@lve.net
68,Nitu,Sudie,willie_frontini@outlook.com
69,Antonuzzi,Audra,tyler.campioli@lve.net
70,Gavioli,Jennell,miriam_rizzi@msn.com
71,Marmonti,Mariela,rebekah-gavioli@live.it
72,Campioli,Isabelle,soraya_campioli@lve.net
73,Frontini,Rebekah,inell_scotti@msn.com
74,Campioli,Rhona,danielle.gavioli@gmail.com
75,Scotti,Reynaldo,elna_marmonti@outlook.it
76,Scarnati,Audra,wilson.frontini@live.it
77,Scarnati,Tisa,milly_frontini@lve.net
78,Ravioli,Debbra,alla.gavioli@msn.com
79,Rizzi,Madge,madge.gavioli@outlook.com
80,Campioli,Nola,charis.scarnati@gmail.com
81,Scotti,Nola,santina_nitu@gmail.com
82,Nitu,Wilson,eliz_scarnati@lve.net
83,Nitu,Johna,sade_campioli@outlook.it
84,Ravioli,Sheena,eliz_marmonti@msn.com
85,Campioli,Luigi,aide-ravioli@outlook.it
86,Scotti,Jennell,trudie.campioli@outlook.com
87,Nitu,Milly,lucilla_frontini@outlook.it
88,Campioli,Mavis,ok.gavioli@libero.it
89,Campioli,Carter,natalia-scarnati@libero.it
90,Marmonti,Humberto,tisa-scarnati@gmail.com
91,Nitu,Humberto,charis.marmonti@msn.com
92,Scotti,Lakia,ok-nitu@lve.net
93,Ravioli,Zackary,nola_antonuzzi@libero.it
94,Nitu,Reynaldo,luciano_marmonti@outlook.it
95,Campioli,Farah,humberto-gavioli@gmail.com
96,Campioli,Nicki,lynelle_antonuzzi@libero.it
97,Ravioli,Collen,dorthy_ravioli@live.it
98,Campioli,Piper,luciano.marmonti@msn.com
99,Scarnati,Dixie,carter_scotti@outlook.it
100,Marmonti,Rhona,isabelle-ravioli@outlook.com
